year,SamplingFrequencyError
2014,0.012041095816115259
2015,0.009563068869509934
